Title,TitleAr,Category,ReadTime,AccentColor,Id,SuggestedFilename
"Understanding Osteoarthritis: The Wear-and-Tear Joint Disease","نفهم خشونة المفاصل: مرض بلى المفصل","Arthritis & Joint Health","5 min","#f59e0b","cms6e2bc900ekc71goovgapl7","article-cms6e2bc900ekc71goovgapl7.png"
"Rheumatoid Arthritis: When the Immune System Attacks the Joints","الروماتويد: لما جهاز المناعة يهاجم المفاصل","Arthritis & Joint Health","5 min","#f59e0b","cms6e2bch00emc71gqzrdr1zy","article-cms6e2bch00emc71gqzrdr1zy.png"
"Gout: The Painful Arthritis Linked to Uric Acid","النقرس: التهاب المفاصل المؤلم المرتبط بحمض اليوريك","Arthritis & Joint Health","5 min","#f59e0b","cms6e2bcq00eoc71gp0s0xy8a","article-cms6e2bcq00eoc71gp0s0xy8a.png"
"Protecting Your Joints: Everyday Habits for Lifelong Mobility","احمي مفاصلك: عادات يومية عشان تفضل تتحرك طول عمرك","Arthritis & Joint Health","4 min","#f59e0b","cms6e2bcz00eqc71gwdwv0wju","article-cms6e2bcz00eqc71gwdwv0wju.png"
"Living Well With Chronic Arthritis Pain","تعيش كويس مع ألم التهاب المفاصل المزمن","Arthritis & Joint Health","4 min","#f59e0b","cms6e2bd800esc71g1lvwrya5","article-cms6e2bd800esc71g1lvwrya5.png"
"Low Back Pain: Causes and What Usually Helps","ألم أسفل الضهر: الأسباب وإيه اللي بيساعد غالبًا","Back Pain & Spine Conditions","5 min","#f59e0b","cms6e2bds00evc71gzi3nvmgp","article-cms6e2bds00evc71gzi3nvmgp.png"
"Herniated Discs Explained","الانزلاق الغضروفي بشكل مبسّط","Back Pain & Spine Conditions","5 min","#f59e0b","cms6e2be100exc71g1g02nh1i","article-cms6e2be100exc71g1g02nh1i.png"
"Sciatica: Why Leg Pain Often Starts in the Back","عرق النسا: ليه ألم الرجل بيبدأ غالبًا من الضهر","Back Pain & Spine Conditions","4 min","#f59e0b","cms6e2bec00ezc71g8x888f50","article-cms6e2bec00ezc71g8x888f50.png"
"Building a Back-Friendly Posture and Workspace","قعدة ومكان شغل مريحين لضهرك","Back Pain & Spine Conditions","4 min","#f59e0b","cms6e2bep00f1c71g972axtob","article-cms6e2bep00f1c71g972axtob.png"
"Spinal Stenosis in Older Adults","تضيّق القناة الفقرية عند كبار السن","Back Pain & Spine Conditions","5 min","#f59e0b","cms6e2bew00f3c71gy109hvaf","article-cms6e2bew00f3c71gy109hvaf.png"
"Understanding Blood Pressure Numbers","نفهم أرقام الضغط","Blood Pressure","4 min","#ef4444","cms6e2bff00f6c71gcfv6sbcg","article-cms6e2bff00f6c71gcfv6sbcg.png"
"Hypertension: The Silent Threat to Your Arteries","ارتفاع الضغط: الخطر الصامت على شرايينك","Blood Pressure","5 min","#ef4444","cms6e2bfm00f8c71gzy2nkam5","article-cms6e2bfm00f8c71gzy2nkam5.png"
"Lowering Blood Pressure Through Diet","تنزيل الضغط عن طريق الأكل","Blood Pressure","4 min","#ef4444","cms6e2bfu00fac71gkfptgwrn","article-cms6e2bfu00fac71gkfptgwrn.png"
"Home Blood Pressure Monitoring Done Right","قياس الضغط في البيت بالطريقة الصح","Blood Pressure","4 min","#ef4444","cms6e2bg100fcc71gqb79srg6","article-cms6e2bg100fcc71gqb79srg6.png"
"Low Blood Pressure: When Readings Run Too Low","الضغط المنخفض: لما القراءات تنزل زيادة عن اللزوم","Blood Pressure","4 min","#ef4444","cms6e2bg800fec71g6nnmxpha","article-cms6e2bg800fec71g6nnmxpha.png"
"What Is Cancer? The Basics of Abnormal Cell Growth","إيه هو السرطان؟ أساسيات النمو غير الطبيعي للخلايا","Cancer","5 min","#a855f7","cms6e2bgo00fhc71g8c12l8js","article-cms6e2bgo00fhc71g8c12l8js.png"
"Cancer Screening: Catching Disease Early","الكشف المبكر عن السرطان: نمسك المرض بدري","Cancer","5 min","#a855f7","cms6e2bgw00fjc71g8mtn2wyf","article-cms6e2bgw00fjc71g8mtn2wyf.png"
"Reducing Your Cancer Risk: What the Evidence Shows","تقليل خطر السرطان: الأدلة بتقول إيه","Cancer","5 min","#a855f7","cms6e2bh500flc71gb8560kgv","article-cms6e2bh500flc71gb8560kgv.png"
"Common Warning Signs Worth Checking","علامات تحذيرية شائعة تستاهل تتشاف","Cancer","4 min","#a855f7","cms6e2bhe00fnc71g99x7w0vu","article-cms6e2bhe00fnc71g99x7w0vu.png"
"Understanding Cancer Treatment Options","نفهم خيارات علاج السرطان","Cancer","5 min","#a855f7","cms6e2bhn00fpc71gj00nblsr","article-cms6e2bhn00fpc71gj00nblsr.png"
"Cholesterol 101: Good, Bad, and Why It Matters","مقدّمة عن الكوليسترول: الكويس والوحش وليه مهم","Cholesterol","5 min","#ef4444","cms6e2bi900fsc71g5e4wre52","article-cms6e2bi900fsc71g5e4wre52.png"
"Foods That Help Manage Cholesterol","أكلات بتساعد تتحكم في الكوليسترول","Cholesterol","4 min","#ef4444","cms6e2bii00fuc71gapl43728","article-cms6e2bii00fuc71gapl43728.png"
"Statins and Other Cholesterol Medications","الستاتينات وأدوية الكوليسترول التانية","Cholesterol","5 min","#ef4444","cms6e2biu00fwc71gpu64af30","article-cms6e2biu00fwc71gpu64af30.png"
"Familial Hypercholesterolemia: Inherited High Cholesterol","فرط كوليسترول الدم العائلي: الكوليسترول العالي الوراثي","Cholesterol","5 min","#ef4444","cms6e2bj300fyc71gkzkrzh3g","article-cms6e2bj300fyc71gkzkrzh3g.png"
"Triglycerides: The Overlooked Blood Fat","الدهون الثلاثية: دهون الدم المنسية","Cholesterol","4 min","#ef4444","cms6e2bjb00g0c71g4i3zsd88","article-cms6e2bjb00g0c71g4i3zsd88.png"
"Preventing Cavities: How Tooth Decay Happens","الوقاية من التسوّس: إزاي بيحصل نخر الأسنان","Dental Health","4 min","#0ea5e9","cms6e2bjv00g3c71gfhbysksv","article-cms6e2bjv00g3c71gfhbysksv.png"
"Gum Disease: From Gingivitis to Periodontitis","أمراض اللثة: من التهاب اللثة لالتهاب دواعم السن","Dental Health","5 min","#0ea5e9","cms6e2bk600g5c71gutza2j0y","article-cms6e2bk600g5c71gutza2j0y.png"
"The Right Way to Brush and Floss","الطريقة الصح للتفريش واستخدام الخيط","Dental Health","4 min","#0ea5e9","cms6e2bkf00g7c71gyib67hpy","article-cms6e2bkf00g7c71gyib67hpy.png"
"How Diet Shapes Your Dental Health","إزاي الأكل بيأثر على صحة سنانك","Dental Health","4 min","#0ea5e9","cms6e2bkp00g9c71grujnbeo6","article-cms6e2bkp00g9c71grujnbeo6.png"
"Beyond the Mouth: Oral Health and Overall Wellness","أبعد من الفم: صحة الفم والعافية العامة","Dental Health","5 min","#0ea5e9","cms6e2bl100gbc71gtptbcull","article-cms6e2bl100gbc71gtptbcull.png"
"Type 1 vs Type 2 Diabetes: Key Differences","سكري النوع الأول والنوع التاني: الفروق الأساسية","Diabetes","5 min","#8b5cf6","cms6e2blo00gec71gkoxa73f8","article-cms6e2blo00gec71gkoxa73f8.png"
"Prediabetes: A Window of Opportunity","ما قبل السكري: نافذة فرصة","Diabetes","4 min","#8b5cf6","cms6e2bly00ggc71gnifmnnc9","article-cms6e2bly00ggc71gnifmnnc9.png"
"Managing Blood Sugar Day to Day","التحكم في سكر الدم يوم بيوم","Diabetes","5 min","#8b5cf6","cms6e2bm700gic71ggk42wlc6","article-cms6e2bm700gic71ggk42wlc6.png"
"Preventing Diabetes Complications","الوقاية من مضاعفات السكري","Diabetes","5 min","#8b5cf6","cms6e2bme00gkc71g0q37mnn3","article-cms6e2bme00gkc71g0q37mnn3.png"
"Recognizing High and Low Blood Sugar","نعرف سكر الدم العالي والمنخفض","Diabetes","4 min","#8b5cf6","cms6e2bmp00gmc71gqgelcghh","article-cms6e2bmp00gmc71gqgelcghh.png"
"Understanding Acid Reflux and GERD","نفهم ارتجاع الحمض وحرقان المعدة (GERD)","Digestive Health","5 min","#84cc16","cms6e2bn800gpc71gjiqva5jm","article-cms6e2bn800gpc71gjiqva5jm.png"
"Irritable Bowel Syndrome: Living With a Sensitive Gut","القولون العصبي: العيش مع أمعاء حساسة","Digestive Health","5 min","#84cc16","cms6e2bni00grc71gg1yqef50","article-cms6e2bni00grc71gg1yqef50.png"
"The Gut Microbiome and Your Health","ميكروبيوم الأمعاء وصحتك","Digestive Health","4 min","#84cc16","cms6e2bns00gtc71g9rr3pt7u","article-cms6e2bns00gtc71g9rr3pt7u.png"
"Fiber, Hydration, and Healthy Digestion","الألياف والترطيب والهضم الصحي","Digestive Health","4 min","#0ea5e9","cms6e2bo400gvc71g1h4ljt6u","article-cms6e2bo400gvc71g1h4ljt6u.png"
"When Digestive Symptoms Warrant a Doctor","إمتى أعراض الهضم بتستدعي دكتور","Digestive Health","4 min","#84cc16","cms6e2bof00gxc71ggis8sd1w","article-cms6e2bof00gxc71ggis8sd1w.png"
"Understanding Depression: More Than Feeling Sad","نفهم الاكتئاب: أكتر من مجرد إحساس بالزعل","Mental Health","5 min","#6366f1","cms6e2boy00h0c71ggqn4vhol","article-cms6e2boy00h0c71ggqn4vhol.png"
"Anxiety Disorders and How to Cope","اضطرابات القلق وإزاي تتعامل معاها","Mental Health","5 min","#6366f1","cms6e2bp700h2c71gg9bx5ecb","article-cms6e2bp700h2c71gg9bx5ecb.png"
"Managing Stress Before It Manages You","اتحكم في الضغط النفسي قبل ما هو يتحكم فيك","Mental Health","4 min","#6366f1","cms6e2bph00h4c71gwuom32id","article-cms6e2bph00h4c71gwuom32id.png"
"The Mind-Body Connection: How Mental Health Affects Physical Health","العلاقة بين العقل والجسم: إزاي الصحة النفسية بتأثر على الصحة الجسدية","Mental Health","4 min","#6366f1","cms6e2bpr00h6c71gko4qapos","article-cms6e2bpr00h6c71gko4qapos.png"
"Building Everyday Habits for Mental Wellbeing","تبني عادات يومية للصحة النفسية","Mental Health","4 min","#6366f1","cms6e2bq100h8c71ghpx66r8o","article-cms6e2bq100h8c71ghpx66r8o.png"
"How Your Heart Works and What Can Go Wrong","إزاي القلب بيشتغل وإيه اللي ممكن يبوظ فيه","Heart Health","5 min","#ef4444","cms6e2bqj00hbc71gmpu86p7n","article-cms6e2bqj00hbc71gmpu86p7n.png"
"Recognizing a Heart Attack: Act Fast","تعرف على الأزمة القلبية: اتصرّف بسرعة","Heart Health","4 min","#ef4444","cms6e2bqq00hdc71gziqdjj2s","article-cms6e2bqq00hdc71gziqdjj2s.png"
"A Heart-Healthy Lifestyle That Actually Sticks","نمط حياة صحي للقلب تقدر تكمّل عليه فعلاً","Heart Health","5 min","#ef4444","cms6e2br100hfc71g1uu40gk9","article-cms6e2br100hfc71g1uu40gk9.png"
"Understanding Heart Failure","نفهم فشل القلب","Heart Health","5 min","#ef4444","cms6e2brd00hhc71gh71pab2c","article-cms6e2brd00hhc71gh71pab2c.png"
"Atrial Fibrillation and Irregular Heartbeats","الرجفان الأذيني وعدم انتظام ضربات القلب","Heart Health","5 min","#ef4444","cms6e2bro00hjc71guasxn7kd","article-cms6e2bro00hjc71guasxn7kd.png"
"Insomnia: Why You Can't Sleep and What Helps","الأرق: ليه مش قادر تنام وإيه اللي بيساعد","Sleep Disorders","5 min","#334155","cms6e2bs900hmc71gcxmeg7qi","article-cms6e2bs900hmc71gcxmeg7qi.png"
"Sleep Apnea: When Breathing Stops at Night","انقطاع النفس أثناء النوم: لما النفس يقف بالليل","Sleep Disorders","5 min","#334155","cms6e2bsj00hoc71g1u0f9nwb","article-cms6e2bsj00hoc71g1u0f9nwb.png"
"The Science of Sleep: Why Rest Matters","علم النوم: ليه الراحة مهمة","Sleep Disorders","4 min","#334155","cms6e2bsr00hqc71g2fkhjsx7","article-cms6e2bsr00hqc71g2fkhjsx7.png"
"Building Better Sleep Habits","تبني عادات نوم أحسن","Sleep Disorders","4 min","#334155","cms6e2bt200hsc71g8gsaod8g","article-cms6e2bt200hsc71g8gsaod8g.png"
"Restless Legs and Other Sleep Disruptors","متلازمة تململ الساقين وحاجات تانية بتقطّع النوم","Sleep Disorders","4 min","#334155","cms6e2btc00huc71gpepmabib","article-cms6e2btc00huc71gpepmabib.png"
"Protecting Your Skin From the Sun","تحمي بشرتك من الشمس","Skin Health","5 min","#ec4899","cms6e2btx00hxc71gul7q4vig","article-cms6e2btx00hxc71gul7q4vig.png"
"Understanding Acne at Any Age","نفهم حب الشباب في أي سن","Skin Health","4 min","#ec4899","cms6e2bu700hzc71ghr39h46t","article-cms6e2bu700hzc71ghr39h46t.png"
"Eczema and Dry, Irritated Skin","الإكزيما والبشرة الجافة المتهيّجة","Skin Health","5 min","#ec4899","cms6e2buh00i1c71gpx9ttdqe","article-cms6e2buh00i1c71gpx9ttdqe.png"
"Checking Your Skin for Warning Signs","تفحص بشرتك للعلامات التحذيرية","Skin Health","4 min","#ec4899","cms6e2bus00i3c71gxjcmolgx","article-cms6e2bus00i3c71gxjcmolgx.png"
"Everyday Skin Care and Healthy Aging","العناية اليومية بالبشرة والشيخوخة الصحية","Skin Health","4 min","#ec4899","cms6e2bv200i5c71g4vpubo1k","article-cms6e2bv200i5c71g4vpubo1k.png"
"8 Tips For Healthy Eating","8 نصايح للأكل الصحي","Healthy Eating","4 min","#16a34a","cms6e2bvn00i8c71go4hknfsv","article-cms6e2bvn00i8c71go4hknfsv.png"
"Understanding Food Labels","نفهم ملصقات الأكل","Healthy Eating","4 min","#16a34a","cms6e2bvy00iac71g008p0hsn","article-cms6e2bvy00iac71g008p0hsn.png"
"Building a Balanced Plate","تبني طبق متوازن","Healthy Eating","4 min","#16a34a","cms6e2bw900icc71gosln1jbz","article-cms6e2bw900icc71gosln1jbz.png"
"Smart Snacking Strategies","استراتيجيات السناكس الذكية","Healthy Eating","4 min","#0d9488","cms6e2bwl00iec71gkdue6m4k","article-cms6e2bwl00iec71gkdue6m4k.png"
"Cooking More at Home","تطبخ في البيت أكتر","Healthy Eating","4 min","#16a34a","cms6e2bww00igc71gb4e1h9e8","article-cms6e2bww00igc71gb4e1h9e8.png"
"How Much Exercise Do You Really Need?","محتاج تتمرّن قد إيه فعلاً؟","Staying Active","4 min","#f97316","cms6e2bxh00ijc71g5tmxo2g6","article-cms6e2bxh00ijc71g5tmxo2g6.png"
"Getting Started With Walking","تبدأ في المشي","Staying Active","4 min","#f97316","cms6e2bxr00ilc71g0eg34zyq","article-cms6e2bxr00ilc71g0eg34zyq.png"
"Strength Training Basics","أساسيات تمارين القوة","Staying Active","5 min","#f97316","cms6e2bxz00inc71ge5zqr5yu","article-cms6e2bxz00inc71ge5zqr5yu.png"
"Beating the Sedentary Workday","تغلب على يوم الشغل الخامل","Staying Active","4 min","#16a34a","cms6e2by700ipc71gvbnqxm62","article-cms6e2by700ipc71gvbnqxm62.png"
"Staying Motivated to Move","تفضل متحفّز إنك تتحرّك","Staying Active","4 min","#f97316","cms6e2byg00irc71gc9k1z19u","article-cms6e2byg00irc71gc9k1z19u.png"
"Understanding Energy Balance","نفهم توازن الطاقة","Weight Management","5 min","#16a34a","cms6e2byy00iuc71gnddoquga","article-cms6e2byy00iuc71gnddoquga.png"
"Setting Realistic Weight Goals","تحط أهداف وزن واقعية","Weight Management","4 min","#16a34a","cms6e2bz800iwc71gompbqymw","article-cms6e2bz800iwc71gompbqymw.png"
"Why Crash Diets Backfire","ليه الرجيمات القاسية بتضرب في وشك","Weight Management","4 min","#f59e0b","cms6e2bzi00iyc71gfmp9hzef","article-cms6e2bzi00iyc71gfmp9hzef.png"
"The Role of Protein and Fibre","دور البروتين والألياف","Weight Management","4 min","#16a34a","cms6e2bzv00j0c71gyo5h7pk1","article-cms6e2bzv00j0c71gyo5h7pk1.png"
"Managing Emotional Eating","التعامل مع الأكل العاطفي","Weight Management","5 min","#f59e0b","cms6e2c0600j2c71gnt8j9pnq","article-cms6e2c0600j2c71gnt8j9pnq.png"
"Protecting Your Back","تحمي ضهرك","Musculoskeletal Health","5 min","#f59e0b","cms6e2c0o00j5c71ggmmqtfm3","article-cms6e2c0o00j5c71ggmmqtfm3.png"
"Keeping Your Joints Healthy","تحافظ على صحة مفاصلك","Musculoskeletal Health","4 min","#f59e0b","cms6e2c0y00j7c71g7j0audd2","article-cms6e2c0y00j7c71g7j0audd2.png"
"Building Strong Bones","تبني عظام قوية","Musculoskeletal Health","5 min","#f59e0b","cms6e2c1500j9c71gae135uan","article-cms6e2c1500j9c71gae135uan.png"
"Posture in the Modern World","وضعية الجسم في العالم الحديث","Musculoskeletal Health","4 min","#f59e0b","cms6e2c1e00jbc71gq09jmfel","article-cms6e2c1e00jbc71gq09jmfel.png"
"Preventing Common Exercise Injuries","الوقاية من إصابات التمرين الشائعة","Musculoskeletal Health","5 min","#f59e0b","cms6e2c1o00jdc71gddnkc9h6","article-cms6e2c1o00jdc71gddnkc9h6.png"
"Staying Active on the Road","خليك متحرك وانت مسافر","Healthy Travel","4 min","#f97316","cms6e2c2500jgc71gmrisb1ym","article-cms6e2c2500jgc71gmrisb1ym.png"
"Eating Well Away From Home","الأكل الصحي وانت برّه بيتك","Healthy Travel","4 min","#16a34a","cms6e2c2f00jic71gs2qza10s","article-cms6e2c2f00jic71gs2qza10s.png"
"Beating Jet Lag","تغلّب على إرهاق فرق التوقيت","Healthy Travel","5 min","#334155","cms6e2c2n00jkc71g4cxc0zgo","article-cms6e2c2n00jkc71g4cxc0zgo.png"
"Staying Healthy on Long Flights","خليك بصحة كويسة في الرحلات الطويلة","Healthy Travel","4 min","#f97316","cms6e2c2v00jmc71g8whkqhrb","article-cms6e2c2v00jmc71g8whkqhrb.png"
"A Traveller's Wellbeing Kit","شنطة صحة المسافر","Healthy Travel","4 min","#6366f1","cms6e2c3500joc71gry3dk24w","article-cms6e2c3500joc71gry3dk24w.png"
"How Much Sleep Do You Need?","محتاج تنام قد إيه؟","Better Sleep","4 min","#334155","cms6e2c3o00jrc71gxbcw3te7","article-cms6e2c3o00jrc71gxbcw3te7.png"
"Building a Wind-Down Routine","اعمل روتين للاسترخاء قبل النوم","Better Sleep","4 min","#334155","cms6e2c3w00jtc71glvnoa0td","article-cms6e2c3w00jtc71glvnoa0td.png"
"Designing the Perfect Sleep Environment","اظبط أوضة نومك مثالية","Better Sleep","4 min","#334155","cms6e2c4400jvc71gjhrnefye","article-cms6e2c4400jvc71gjhrnefye.png"
"Caffeine, Alcohol and Sleep","الكافيين والكحول والنوم","Better Sleep","5 min","#334155","cms6e2c4f00jxc71g3i55kpjv","article-cms6e2c4f00jxc71g3i55kpjv.png"
"What to Do When You Cannot Sleep","تعمل إيه لما مبتعرفش تنام","Better Sleep","5 min","#334155","cms6e2c4p00jzc71gdr1enwcz","article-cms6e2c4p00jzc71gdr1enwcz.png"
"Understanding Stress and Its Effects","افهم التوتر وتأثيره","Stress & Mental Wellbeing","5 min","#6366f1","cms6e2c5800k2c71g5g8tpmkq","article-cms6e2c5800k2c71g5g8tpmkq.png"
"Simple Breathing Techniques for Calm","تمارين تنفس بسيطة للهدوء","Stress & Mental Wellbeing","4 min","#6366f1","cms6e2c5k00k4c71gnqvrpev7","article-cms6e2c5k00k4c71gnqvrpev7.png"
"The Mental Health Benefits of Exercise","فوايد الرياضة للصحة النفسية","Stress & Mental Wellbeing","4 min","#6366f1","cms6e2c5u00k6c71guoox2xzw","article-cms6e2c5u00k6c71guoox2xzw.png"
"Building Everyday Resilience","ابني مرونتك اليومية","Stress & Mental Wellbeing","5 min","#6366f1","cms6e2c6100k8c71g3cryfjru","article-cms6e2c6100k8c71g3cryfjru.png"
"Knowing When to Seek Support","تعرف إمتى تطلب مساعدة","Stress & Mental Wellbeing","4 min","#6366f1","cms6e2c6600kac71gyt01o7vp","article-cms6e2c6600kac71gyt01o7vp.png"
"Encouraging Active Kids","شجّع عيالك يبقوا نشيطين","Child Health","4 min","#f472b6","cms6e2c6j00kdc71gn6iej9vo","article-cms6e2c6j00kdc71gn6iej9vo.png"
"Healthy Eating for Children","أكل صحي للأطفال","Child Health","5 min","#f472b6","cms6e2c6q00kfc71gmjaa0h7u","article-cms6e2c6q00kfc71gmjaa0h7u.png"
"Managing Screen Time","التحكم في وقت الشاشة","Child Health","4 min","#f472b6","cms6e2c6x00khc71g4yazezt2","article-cms6e2c6x00khc71g4yazezt2.png"
"Supporting Children's Sleep","ادعم نوم عيالك","Child Health","5 min","#334155","cms6e2c7500kjc71g386rwrzb","article-cms6e2c7500kjc71g386rwrzb.png"
"Nurturing Children's Emotional Wellbeing","اهتم بصحة عيالك النفسية","Child Health","5 min","#6366f1","cms6e2c7b00klc71gdk3h6fbk","article-cms6e2c7b00klc71gdk3h6fbk.png"
"Staying Active During Pregnancy","خليكي متحركة أثناء الحمل","Maternal Health","5 min","#f472b6","cms6e2c7s00koc71gvhimurny","article-cms6e2c7s00koc71gvhimurny.png"
"Nutrition Before and During Pregnancy","التغذية قبل وأثناء الحمل","Maternal Health","5 min","#f472b6","cms6e2c8100kqc71gq9g623rw","article-cms6e2c8100kqc71gq9g623rw.png"
"Looking After Your Mental Health in Pregnancy and Beyond","اهتمي بصحتك النفسية في الحمل وبعده","Maternal Health","5 min","#6366f1","cms6e2c8a00ksc71gis4bikel","article-cms6e2c8a00ksc71gis4bikel.png"
"Postnatal Recovery and Wellbeing","التعافي والصحة بعد الولادة","Maternal Health","5 min","#6366f1","cms6e2c8i00kuc71g002y645e","article-cms6e2c8i00kuc71g002y645e.png"
"Preparing Your Body for Pregnancy","جهّزي جسمك للحمل","Maternal Health","5 min","#f472b6","cms6e2c8q00kwc71ggui2v6iw","article-cms6e2c8q00kwc71ggui2v6iw.png"
"Staying Strong as You Age","خليك قوي وانت بتكبر","Healthy Ageing","5 min","#f59e0b","cms6e2c9c00kzc71gogndqpyl","article-cms6e2c9c00kzc71gogndqpyl.png"
"Preventing Falls","الوقاية من الوقوع","Healthy Ageing","5 min","#f59e0b","cms6e2c9k00l1c71gwd0kvyx4","article-cms6e2c9k00l1c71gwd0kvyx4.png"
"Keeping Your Brain Sharp","خلّي عقلك متوقّد","Healthy Ageing","5 min","#f59e0b","cms6e2c9s00l3c71g488oqso4","article-cms6e2c9s00l3c71g488oqso4.png"
"Staying Socially Connected","خليك على تواصل اجتماعي","Healthy Ageing","4 min","#f59e0b","cms6e2ca100l5c71grpc9atip","article-cms6e2ca100l5c71grpc9atip.png"
"Eating Well in Later Life","الأكل الصحي في الكبر","Healthy Ageing","5 min","#f59e0b","cms6e2ca700l7c71gsld0fk4q","article-cms6e2ca700l7c71gsld0fk4q.png"
"Why Hydration Matters","ليه الترطيب مهم","Hydration","4 min","#0ea5e9","cms6e2cam00lac71gtyrntacm","article-cms6e2cam00lac71gtyrntacm.png"
"How to Tell If You Are Drinking Enough","إزاي تعرف إنك بتشرب كفاية","Hydration","4 min","#0ea5e9","cms6e2cas00lcc71g9qm9u2pd","article-cms6e2cas00lcc71g9qm9u2pd.png"
"Building a Daily Hydration Habit","اعمل عادة ترطيب يومية","Hydration","4 min","#0ea5e9","cms6e2cb100lec71ge8bfhggg","article-cms6e2cb100lec71ge8bfhggg.png"
"Hydration for Exercise","الترطيب للرياضة","Hydration","4 min","#0ea5e9","cms6e2cba00lgc71g0dn1h0fg","article-cms6e2cba00lgc71g0dn1h0fg.png"
"Rethinking Sugary Drinks","أعد التفكير في المشروبات السكرية","Hydration","5 min","#8b5cf6","cms6e2cbi00lic71gmb6fh4gk","article-cms6e2cbi00lic71gmb6fh4gk.png"
"The Benefits of Quitting Start Immediately","فوايد بطلان التدخين بتبدأ على طول","Quitting Smoking","4 min","#64748b","cms6e2cbz00llc71ggoi6xela","article-cms6e2cbz00llc71ggoi6xela.png"
"Planning Your Quit Attempt","خطط لمحاولة بطلانك","Quitting Smoking","5 min","#64748b","cms6e2cc800lnc71gd0fjyh1k","article-cms6e2cc800lnc71gd0fjyh1k.png"
"Coping With Cravings and Withdrawal","التعامل مع الاشتياق والانسحاب","Quitting Smoking","5 min","#64748b","cms6e2ccg00lpc71gglornh4p","article-cms6e2ccg00lpc71gglornh4p.png"
"Staying Smoke-Free for Good","خليك من غير تدخين للأبد","Quitting Smoking","5 min","#64748b","cms6e2cco00lrc71g2e8y3qfk","article-cms6e2cco00lrc71g2e8y3qfk.png"
"Support and Tools to Help You Quit","الدعم والأدوات اللي تساعدك تبطّل","Quitting Smoking","5 min","#64748b","cms6e2ccy00ltc71g6u2k7064","article-cms6e2ccy00ltc71g6u2k7064.png"
